tag,scenario_token,lidar_token,metric,idm,diff,gap
near_long_vehicle,62c85a13b9215ce5,dc7d4b8f18305a09,ego_is_comfortable,1.0,1.0,0.0
near_long_vehicle,62c85a13b9215ce5,dc7d4b8f18305a09,ego_progress_along_expert_route,1.0,0.9472890942901483,0.05271090570985171
near_long_vehicle,62c85a13b9215ce5,dc7d4b8f18305a09,speed_limit_compliance,1.0,1.0,0.0
near_long_vehicle,62c85a13b9215ce5,dc7d4b8f18305a09,time_to_collision_within_bound,1.0,1.0,0.0
near_long_vehicle,62c85a13b9215ce5,dc7d4b8f18305a09,driving_direction_compliance,1.0,1.0,0.0
near_long_vehicle,62c85a13b9215ce5,dc7d4b8f18305a09,no_ego_at_fault_collisions,1.0,1.0,0.0
near_long_vehicle,62c85a13b9215ce5,dc7d4b8f18305a09,ego_is_making_progress,1.0,1.0,0.0
stationary,94d4f56a5e4d528f,bf30cc40cc965a56,ego_is_comfortable,1.0,1.0,0.0
stationary,94d4f56a5e4d528f,bf30cc40cc965a56,ego_progress_along_expert_route,0.6197399045000738,0.9144619731892487,-0.29472206868917494
stationary,94d4f56a5e4d528f,bf30cc40cc965a56,speed_limit_compliance,1.0,1.0,0.0
stationary,94d4f56a5e4d528f,bf30cc40cc965a56,time_to_collision_within_bound,1.0,1.0,0.0
stationary,94d4f56a5e4d528f,bf30cc40cc965a56,driving_direction_compliance,1.0,1.0,0.0
stationary,94d4f56a5e4d528f,bf30cc40cc965a56,no_ego_at_fault_collisions,1.0,1.0,0.0
stationary,94d4f56a5e4d528f,bf30cc40cc965a56,ego_is_making_progress,1.0,1.0,0.0
high_magnitude_speed,d75e9a6dd2ca5262,950a4d601ddb5568,ego_is_comfortable,1.0,1.0,0.0
high_magnitude_speed,d75e9a6dd2ca5262,950a4d601ddb5568,ego_progress_along_expert_route,0.9899700332050702,0.8619695986208529,0.12800043458421728
high_magnitude_speed,d75e9a6dd2ca5262,950a4d601ddb5568,speed_limit_compliance,1.0,1.0,0.0
high_magnitude_speed,d75e9a6dd2ca5262,950a4d601ddb5568,time_to_collision_within_bound,1.0,1.0,0.0
high_magnitude_speed,d75e9a6dd2ca5262,950a4d601ddb5568,driving_direction_compliance,1.0,1.0,0.0
high_magnitude_speed,d75e9a6dd2ca5262,950a4d601ddb5568,no_ego_at_fault_collisions,1.0,1.0,0.0
high_magnitude_speed,d75e9a6dd2ca5262,950a4d601ddb5568,ego_is_making_progress,1.0,1.0,0.0
following_lane_with_slow_lead,786992e6fb185d1b,907f4744f87d53b7,ego_is_comfortable,1.0,1.0,0.0
following_lane_with_slow_lead,786992e6fb185d1b,907f4744f87d53b7,ego_progress_along_expert_route,0.7197753741456275,1.0,-0.28022462585437247
following_lane_with_slow_lead,786992e6fb185d1b,907f4744f87d53b7,speed_limit_compliance,1.0,1.0,0.0
following_lane_with_slow_lead,786992e6fb185d1b,907f4744f87d53b7,time_to_collision_within_bound,1.0,1.0,0.0
following_lane_with_slow_lead,786992e6fb185d1b,907f4744f87d53b7,driving_direction_compliance,1.0,1.0,0.0
following_lane_with_slow_lead,786992e6fb185d1b,907f4744f87d53b7,no_ego_at_fault_collisions,1.0,1.0,0.0
following_lane_with_slow_lead,786992e6fb185d1b,907f4744f87d53b7,ego_is_making_progress,1.0,1.0,0.0
on_intersection,16289c2247ef56b3,c99af34600b45323,ego_is_comfortable,1.0,1.0,0.0
on_intersection,16289c2247ef56b3,c99af34600b45323,ego_progress_along_expert_route,0.8273591119138619,1.0,-0.1726408880861381
on_intersection,16289c2247ef56b3,c99af34600b45323,speed_limit_compliance,1.0,1.0,0.0
on_intersection,16289c2247ef56b3,c99af34600b45323,time_to_collision_within_bound,1.0,1.0,0.0
on_intersection,16289c2247ef56b3,c99af34600b45323,driving_direction_compliance,1.0,1.0,0.0
on_intersection,16289c2247ef56b3,c99af34600b45323,no_ego_at_fault_collisions,1.0,1.0,0.0
on_intersection,16289c2247ef56b3,c99af34600b45323,ego_is_making_progress,1.0,1.0,0.0
medium_magnitude_speed,04475933b4625ede,3ad14bfa73645269,ego_is_comfortable,1.0,1.0,0.0
medium_magnitude_speed,04475933b4625ede,3ad14bfa73645269,ego_progress_along_expert_route,1.0,1.0,0.0
medium_magnitude_speed,04475933b4625ede,3ad14bfa73645269,speed_limit_compliance,1.0,1.0,0.0
medium_magnitude_speed,04475933b4625ede,3ad14bfa73645269,time_to_collision_within_bound,1.0,1.0,0.0
medium_magnitude_speed,04475933b4625ede,3ad14bfa73645269,driving_direction_compliance,1.0,1.0,0.0
medium_magnitude_speed,04475933b4625ede,3ad14bfa73645269,no_ego_at_fault_collisions,1.0,1.0,0.0
medium_magnitude_speed,04475933b4625ede,3ad14bfa73645269,ego_is_making_progress,1.0,1.0,0.0
high_magnitude_speed,ec062bcac2da50d3,15bf2dbe96bb5e5a,ego_is_comfortable,1.0,1.0,0.0
high_magnitude_speed,ec062bcac2da50d3,15bf2dbe96bb5e5a,ego_progress_along_expert_route,1.0,0.9054573867127009,0.09454261328729907
high_magnitude_speed,ec062bcac2da50d3,15bf2dbe96bb5e5a,speed_limit_compliance,1.0,1.0,0.0
high_magnitude_speed,ec062bcac2da50d3,15bf2dbe96bb5e5a,time_to_collision_within_bound,1.0,1.0,0.0
high_magnitude_speed,ec062bcac2da50d3,15bf2dbe96bb5e5a,driving_direction_compliance,1.0,1.0,0.0
high_magnitude_speed,ec062bcac2da50d3,15bf2dbe96bb5e5a,no_ego_at_fault_collisions,1.0,1.0,0.0
high_magnitude_speed,ec062bcac2da50d3,15bf2dbe96bb5e5a,ego_is_making_progress,1.0,1.0,0.0
on_stopline_traffic_light,d68412586f115407,ad7d6dfb305d5371,ego_is_comfortable,1.0,1.0,0.0
on_stopline_traffic_light,d68412586f115407,ad7d6dfb305d5371,ego_progress_along_expert_route,1.0,1.0,0.0
on_stopline_traffic_light,d68412586f115407,ad7d6dfb305d5371,speed_limit_compliance,1.0,1.0,0.0
on_stopline_traffic_light,d68412586f115407,ad7d6dfb305d5371,time_to_collision_within_bound,1.0,1.0,0.0
on_stopline_traffic_light,d68412586f115407,ad7d6dfb305d5371,driving_direction_compliance,1.0,1.0,0.0
on_stopline_traffic_light,d68412586f115407,ad7d6dfb305d5371,no_ego_at_fault_collisions,1.0,1.0,0.0
on_stopline_traffic_light,d68412586f115407,ad7d6dfb305d5371,ego_is_making_progress,1.0,1.0,0.0
on_intersection,6b5e353d48645d46,0c9f888401b552a8,ego_is_comfortable,1.0,1.0,0.0
on_intersection,6b5e353d48645d46,0c9f888401b552a8,ego_progress_along_expert_route,0.8551691737544668,0.883146376330982,-0.02797720257651526
on_intersection,6b5e353d48645d46,0c9f888401b552a8,speed_limit_compliance,1.0,1.0,0.0
on_intersection,6b5e353d48645d46,0c9f888401b552a8,time_to_collision_within_bound,1.0,1.0,0.0
on_intersection,6b5e353d48645d46,0c9f888401b552a8,driving_direction_compliance,1.0,1.0,0.0
on_intersection,6b5e353d48645d46,0c9f888401b552a8,no_ego_at_fault_collisions,1.0,1.0,0.0
on_intersection,6b5e353d48645d46,0c9f888401b552a8,ego_is_making_progress,1.0,1.0,0.0
on_pickup_dropoff,a130a42d7ff15af7,65f1a39588c45244,ego_is_comfortable,1.0,1.0,0.0
on_pickup_dropoff,a130a42d7ff15af7,65f1a39588c45244,ego_progress_along_expert_route,0.8133769503776038,0.763261102047338,0.05011584833026583
on_pickup_dropoff,a130a42d7ff15af7,65f1a39588c45244,speed_limit_compliance,0.95018741224349,0.9099008106212872,0.04028660162220277
on_pickup_dropoff,a130a42d7ff15af7,65f1a39588c45244,time_to_collision_within_bound,1.0,0.0,1.0
on_pickup_dropoff,a130a42d7ff15af7,65f1a39588c45244,driving_direction_compliance,1.0,1.0,0.0
on_pickup_dropoff,a130a42d7ff15af7,65f1a39588c45244,no_ego_at_fault_collisions,1.0,1.0,0.0
on_pickup_dropoff,a130a42d7ff15af7,65f1a39588c45244,ego_is_making_progress,1.0,1.0,0.0
medium_magnitude_speed,0ffdeabd39a457af,4f6742d07ae258f5,ego_is_comfortable,1.0,1.0,0.0
medium_magnitude_speed,0ffdeabd39a457af,4f6742d07ae258f5,ego_progress_along_expert_route,1.0,0.9871050165827573,0.012894983417242711
medium_magnitude_speed,0ffdeabd39a457af,4f6742d07ae258f5,speed_limit_compliance,0.4126923407454023,0.8588447609229553,-0.44615242017755297
medium_magnitude_speed,0ffdeabd39a457af,4f6742d07ae258f5,time_to_collision_within_bound,1.0,0.0,1.0
medium_magnitude_speed,0ffdeabd39a457af,4f6742d07ae258f5,driving_direction_compliance,1.0,1.0,0.0
medium_magnitude_speed,0ffdeabd39a457af,4f6742d07ae258f5,no_ego_at_fault_collisions,1.0,0.5,0.5
medium_magnitude_speed,0ffdeabd39a457af,4f6742d07ae258f5,ego_is_making_progress,1.0,1.0,0.0
stationary,fb8ffca9a6fc5197,aac3c698b44f51ae,ego_is_comfortable,1.0,1.0,0.0
stationary,fb8ffca9a6fc5197,aac3c698b44f51ae,ego_progress_along_expert_route,1.0,1.0,0.0
stationary,fb8ffca9a6fc5197,aac3c698b44f51ae,speed_limit_compliance,1.0,1.0,0.0
stationary,fb8ffca9a6fc5197,aac3c698b44f51ae,time_to_collision_within_bound,1.0,1.0,0.0
stationary,fb8ffca9a6fc5197,aac3c698b44f51ae,driving_direction_compliance,1.0,1.0,0.0
stationary,fb8ffca9a6fc5197,aac3c698b44f51ae,no_ego_at_fault_collisions,1.0,1.0,0.0
stationary,fb8ffca9a6fc5197,aac3c698b44f51ae,ego_is_making_progress,1.0,1.0,0.0
high_magnitude_speed,e0817ac359cc5a0f,b6b1d58bf7a352a3,ego_is_comfortable,1.0,1.0,0.0
high_magnitude_speed,e0817ac359cc5a0f,b6b1d58bf7a352a3,ego_progress_along_expert_route,1.0,1.0,0.0
high_magnitude_speed,e0817ac359cc5a0f,b6b1d58bf7a352a3,speed_limit_compliance,1.0,1.0,0.0
high_magnitude_speed,e0817ac359cc5a0f,b6b1d58bf7a352a3,time_to_collision_within_bound,1.0,1.0,0.0
high_magnitude_speed,e0817ac359cc5a0f,b6b1d58bf7a352a3,driving_direction_compliance,1.0,1.0,0.0
high_magnitude_speed,e0817ac359cc5a0f,b6b1d58bf7a352a3,no_ego_at_fault_collisions,1.0,1.0,0.0
high_magnitude_speed,e0817ac359cc5a0f,b6b1d58bf7a352a3,ego_is_making_progress,1.0,1.0,0.0
accelerating_at_traffic_light_with_lead,94d4f56a5e4d528f,3602b606ad8b5022,ego_is_comfortable,1.0,1.0,0.0
accelerating_at_traffic_light_with_lead,94d4f56a5e4d528f,3602b606ad8b5022,ego_progress_along_expert_route,0.6332371395486117,0.9251854876612733,-0.29194834811266157
accelerating_at_traffic_light_with_lead,94d4f56a5e4d528f,3602b606ad8b5022,speed_limit_compliance,1.0,1.0,0.0
accelerating_at_traffic_light_with_lead,94d4f56a5e4d528f,3602b606ad8b5022,time_to_collision_within_bound,1.0,1.0,0.0
accelerating_at_traffic_light_with_lead,94d4f56a5e4d528f,3602b606ad8b5022,driving_direction_compliance,1.0,1.0,0.0
accelerating_at_traffic_light_with_lead,94d4f56a5e4d528f,3602b606ad8b5022,no_ego_at_fault_collisions,1.0,1.0,0.0
accelerating_at_traffic_light_with_lead,94d4f56a5e4d528f,3602b606ad8b5022,ego_is_making_progress,1.0,1.0,0.0
near_pedestrian_on_crosswalk,cc1164c892c8521e,1eb986548f665ec6,ego_is_comfortable,1.0,1.0,0.0
near_pedestrian_on_crosswalk,cc1164c892c8521e,1eb986548f665ec6,ego_progress_along_expert_route,1.0,0.9359955717115283,0.06400442828847175
near_pedestrian_on_crosswalk,cc1164c892c8521e,1eb986548f665ec6,speed_limit_compliance,1.0,1.0,0.0
near_pedestrian_on_crosswalk,cc1164c892c8521e,1eb986548f665ec6,time_to_collision_within_bound,1.0,1.0,0.0
near_pedestrian_on_crosswalk,cc1164c892c8521e,1eb986548f665ec6,driving_direction_compliance,1.0,1.0,0.0
near_pedestrian_on_crosswalk,cc1164c892c8521e,1eb986548f665ec6,no_ego_at_fault_collisions,1.0,1.0,0.0
near_pedestrian_on_crosswalk,cc1164c892c8521e,1eb986548f665ec6,ego_is_making_progress,1.0,1.0,0.0
medium_magnitude_speed,a45d3d0f4b9255cc,3d7493872b9c5bd8,ego_is_comfortable,1.0,1.0,0.0
medium_magnitude_speed,a45d3d0f4b9255cc,3d7493872b9c5bd8,ego_progress_along_expert_route,1.0,0.258364949801112,0.741635050198888
medium_magnitude_speed,a45d3d0f4b9255cc,3d7493872b9c5bd8,speed_limit_compliance,1.0,1.0,0.0
medium_magnitude_speed,a45d3d0f4b9255cc,3d7493872b9c5bd8,time_to_collision_within_bound,1.0,1.0,0.0
medium_magnitude_speed,a45d3d0f4b9255cc,3d7493872b9c5bd8,driving_direction_compliance,1.0,1.0,0.0
medium_magnitude_speed,a45d3d0f4b9255cc,3d7493872b9c5bd8,no_ego_at_fault_collisions,1.0,1.0,0.0
medium_magnitude_speed,a45d3d0f4b9255cc,3d7493872b9c5bd8,ego_is_making_progress,1.0,1.0,0.0
on_pickup_dropoff,5f8f981de1195819,ce10959a39b5538e,ego_is_comfortable,1.0,1.0,0.0
on_pickup_dropoff,5f8f981de1195819,ce10959a39b5538e,ego_progress_along_expert_route,0.6345258616703361,0.7476520310571502,-0.11312616938681408
on_pickup_dropoff,5f8f981de1195819,ce10959a39b5538e,speed_limit_compliance,1.0,1.0,0.0
on_pickup_dropoff,5f8f981de1195819,ce10959a39b5538e,time_to_collision_within_bound,1.0,1.0,0.0
on_pickup_dropoff,5f8f981de1195819,ce10959a39b5538e,driving_direction_compliance,1.0,1.0,0.0
on_pickup_dropoff,5f8f981de1195819,ce10959a39b5538e,no_ego_at_fault_collisions,1.0,1.0,0.0
on_pickup_dropoff,5f8f981de1195819,ce10959a39b5538e,ego_is_making_progress,1.0,1.0,0.0
stationary,5a7e61de85655d5e,743cc4174523503a,ego_is_comfortable,1.0,1.0,0.0
stationary,5a7e61de85655d5e,743cc4174523503a,ego_progress_along_expert_route,1.0,1.0,0.0
stationary,5a7e61de85655d5e,743cc4174523503a,speed_limit_compliance,1.0,1.0,0.0
stationary,5a7e61de85655d5e,743cc4174523503a,time_to_collision_within_bound,1.0,1.0,0.0
stationary,5a7e61de85655d5e,743cc4174523503a,driving_direction_compliance,1.0,1.0,0.0
stationary,5a7e61de85655d5e,743cc4174523503a,no_ego_at_fault_collisions,1.0,1.0,0.0
stationary,5a7e61de85655d5e,743cc4174523503a,ego_is_making_progress,1.0,1.0,0.0
on_stopline_crosswalk,2e1639bf34b45aa7,6a31e7a82c9b588d,ego_is_comfortable,0.0,1.0,-1.0
on_stopline_crosswalk,2e1639bf34b45aa7,6a31e7a82c9b588d,ego_progress_along_expert_route,1.0,0.9383275023812127,0.06167249761878735
on_stopline_crosswalk,2e1639bf34b45aa7,6a31e7a82c9b588d,speed_limit_compliance,1.0,1.0,0.0
on_stopline_crosswalk,2e1639bf34b45aa7,6a31e7a82c9b588d,time_to_collision_within_bound,0.0,0.0,0.0
on_stopline_crosswalk,2e1639bf34b45aa7,6a31e7a82c9b588d,driving_direction_compliance,1.0,1.0,0.0
on_stopline_crosswalk,2e1639bf34b45aa7,6a31e7a82c9b588d,no_ego_at_fault_collisions,1.0,1.0,0.0
on_stopline_crosswalk,2e1639bf34b45aa7,6a31e7a82c9b588d,ego_is_making_progress,1.0,1.0,0.0
on_pickup_dropoff,e023879e25fd5106,7229d0349b7453e7,ego_is_comfortable,1.0,1.0,0.0
on_pickup_dropoff,e023879e25fd5106,7229d0349b7453e7,ego_progress_along_expert_route,1.0,0.9871486294790072,0.012851370520992833
on_pickup_dropoff,e023879e25fd5106,7229d0349b7453e7,speed_limit_compliance,0.866449466894542,0.9362842652585333,-0.0698347983639912
on_pickup_dropoff,e023879e25fd5106,7229d0349b7453e7,time_to_collision_within_bound,1.0,0.0,1.0
on_pickup_dropoff,e023879e25fd5106,7229d0349b7453e7,driving_direction_compliance,1.0,1.0,0.0
on_pickup_dropoff,e023879e25fd5106,7229d0349b7453e7,no_ego_at_fault_collisions,1.0,0.5,0.5
on_pickup_dropoff,e023879e25fd5106,7229d0349b7453e7,ego_is_making_progress,1.0,1.0,0.0
high_magnitude_speed,986fb7485950534c,4bfb8664e026587c,ego_is_comfortable,1.0,1.0,0.0
high_magnitude_speed,986fb7485950534c,4bfb8664e026587c,ego_progress_along_expert_route,0.9619486803734089,1.0,-0.03805131962659114
high_magnitude_speed,986fb7485950534c,4bfb8664e026587c,speed_limit_compliance,1.0,1.0,0.0
high_magnitude_speed,986fb7485950534c,4bfb8664e026587c,time_to_collision_within_bound,1.0,0.0,1.0
high_magnitude_speed,986fb7485950534c,4bfb8664e026587c,driving_direction_compliance,1.0,1.0,0.0
high_magnitude_speed,986fb7485950534c,4bfb8664e026587c,no_ego_at_fault_collisions,1.0,0.0,1.0
high_magnitude_speed,986fb7485950534c,4bfb8664e026587c,ego_is_making_progress,1.0,1.0,0.0
high_magnitude_speed,fdab35e465d1528f,260d68975b2853a6,ego_is_comfortable,1.0,1.0,0.0
high_magnitude_speed,fdab35e465d1528f,260d68975b2853a6,ego_progress_along_expert_route,0.3371304028182964,0.7435463133203973,-0.4064159105021009
high_magnitude_speed,fdab35e465d1528f,260d68975b2853a6,speed_limit_compliance,1.0,1.0,0.0
high_magnitude_speed,fdab35e465d1528f,260d68975b2853a6,time_to_collision_within_bound,0.0,1.0,-1.0
high_magnitude_speed,fdab35e465d1528f,260d68975b2853a6,driving_direction_compliance,1.0,1.0,0.0
high_magnitude_speed,fdab35e465d1528f,260d68975b2853a6,no_ego_at_fault_collisions,1.0,1.0,0.0
high_magnitude_speed,fdab35e465d1528f,260d68975b2853a6,ego_is_making_progress,1.0,1.0,0.0
low_magnitude_speed,6204d9eff4de5f7a,380ddd3bcd9c5b8b,ego_is_comfortable,1.0,1.0,0.0
low_magnitude_speed,6204d9eff4de5f7a,380ddd3bcd9c5b8b,ego_progress_along_expert_route,0.6166755376639913,0.9107859047359858,-0.29411036707199445
low_magnitude_speed,6204d9eff4de5f7a,380ddd3bcd9c5b8b,speed_limit_compliance,1.0,1.0,0.0
low_magnitude_speed,6204d9eff4de5f7a,380ddd3bcd9c5b8b,time_to_collision_within_bound,1.0,1.0,0.0
low_magnitude_speed,6204d9eff4de5f7a,380ddd3bcd9c5b8b,driving_direction_compliance,1.0,1.0,0.0
low_magnitude_speed,6204d9eff4de5f7a,380ddd3bcd9c5b8b,no_ego_at_fault_collisions,1.0,1.0,0.0
low_magnitude_speed,6204d9eff4de5f7a,380ddd3bcd9c5b8b,ego_is_making_progress,1.0,1.0,0.0
low_magnitude_speed,6dd24a241d8055ef,c49837d8072259f4,ego_is_comfortable,1.0,1.0,0.0
low_magnitude_speed,6dd24a241d8055ef,c49837d8072259f4,ego_progress_along_expert_route,1.0,0.8238783705265033,0.17612162947349674
low_magnitude_speed,6dd24a241d8055ef,c49837d8072259f4,speed_limit_compliance,1.0,1.0,0.0
low_magnitude_speed,6dd24a241d8055ef,c49837d8072259f4,time_to_collision_within_bound,0.0,1.0,-1.0
low_magnitude_speed,6dd24a241d8055ef,c49837d8072259f4,driving_direction_compliance,1.0,1.0,0.0
low_magnitude_speed,6dd24a241d8055ef,c49837d8072259f4,no_ego_at_fault_collisions,1.0,1.0,0.0
low_magnitude_speed,6dd24a241d8055ef,c49837d8072259f4,ego_is_making_progress,1.0,1.0,0.0
low_magnitude_speed,c8e40f0733cd5ef8,842f3d8e53ff5065,ego_is_comfortable,1.0,1.0,0.0
low_magnitude_speed,c8e40f0733cd5ef8,842f3d8e53ff5065,ego_progress_along_expert_route,0.42371247649766236,0.9936355575582069,-0.5699230810605445
low_magnitude_speed,c8e40f0733cd5ef8,842f3d8e53ff5065,speed_limit_compliance,1.0,1.0,0.0
low_magnitude_speed,c8e40f0733cd5ef8,842f3d8e53ff5065,time_to_collision_within_bound,1.0,1.0,0.0
low_magnitude_speed,c8e40f0733cd5ef8,842f3d8e53ff5065,driving_direction_compliance,1.0,1.0,0.0
low_magnitude_speed,c8e40f0733cd5ef8,842f3d8e53ff5065,no_ego_at_fault_collisions,1.0,1.0,0.0
low_magnitude_speed,c8e40f0733cd5ef8,842f3d8e53ff5065,ego_is_making_progress,1.0,1.0,0.0
high_magnitude_speed,986fb7485950534c,680655c0c17b53f9,ego_is_comfortable,1.0,1.0,0.0
high_magnitude_speed,986fb7485950534c,680655c0c17b53f9,ego_progress_along_expert_route,0.987725916677315,1.0,-0.012274083322684981
high_magnitude_speed,986fb7485950534c,680655c0c17b53f9,speed_limit_compliance,1.0,1.0,0.0
high_magnitude_speed,986fb7485950534c,680655c0c17b53f9,time_to_collision_within_bound,1.0,0.0,1.0
high_magnitude_speed,986fb7485950534c,680655c0c17b53f9,driving_direction_compliance,1.0,1.0,0.0
high_magnitude_speed,986fb7485950534c,680655c0c17b53f9,no_ego_at_fault_collisions,1.0,0.0,1.0
high_magnitude_speed,986fb7485950534c,680655c0c17b53f9,ego_is_making_progress,1.0,1.0,0.0
on_stopline_traffic_light,d22e2501aa9e5e2c,07d6d718431b58dd,ego_is_comfortable,1.0,1.0,0.0
on_stopline_traffic_light,d22e2501aa9e5e2c,07d6d718431b58dd,ego_progress_along_expert_route,1.0,1.0,0.0
on_stopline_traffic_light,d22e2501aa9e5e2c,07d6d718431b58dd,speed_limit_compliance,1.0,1.0,0.0
on_stopline_traffic_light,d22e2501aa9e5e2c,07d6d718431b58dd,time_to_collision_within_bound,1.0,1.0,0.0
on_stopline_traffic_light,d22e2501aa9e5e2c,07d6d718431b58dd,driving_direction_compliance,1.0,1.0,0.0
on_stopline_traffic_light,d22e2501aa9e5e2c,07d6d718431b58dd,no_ego_at_fault_collisions,1.0,1.0,0.0
on_stopline_traffic_light,d22e2501aa9e5e2c,07d6d718431b58dd,ego_is_making_progress,1.0,1.0,0.0
on_stopline_stop_sign,afe2512625985226,99dba5f2f81a5dac,ego_is_comfortable,1.0,1.0,0.0
on_stopline_stop_sign,afe2512625985226,99dba5f2f81a5dac,ego_progress_along_expert_route,1.0,1.0,0.0
on_stopline_stop_sign,afe2512625985226,99dba5f2f81a5dac,speed_limit_compliance,1.0,1.0,0.0
on_stopline_stop_sign,afe2512625985226,99dba5f2f81a5dac,time_to_collision_within_bound,1.0,1.0,0.0
on_stopline_stop_sign,afe2512625985226,99dba5f2f81a5dac,driving_direction_compliance,1.0,1.0,0.0
on_stopline_stop_sign,afe2512625985226,99dba5f2f81a5dac,no_ego_at_fault_collisions,1.0,1.0,0.0
on_stopline_stop_sign,afe2512625985226,99dba5f2f81a5dac,ego_is_making_progress,1.0,1.0,0.0
medium_magnitude_speed,39d2efa2c3415300,d0f0228cd0d05c4a,ego_is_comfortable,1.0,1.0,0.0
medium_magnitude_speed,39d2efa2c3415300,d0f0228cd0d05c4a,ego_progress_along_expert_route,1.0,1.0,0.0
medium_magnitude_speed,39d2efa2c3415300,d0f0228cd0d05c4a,speed_limit_compliance,1.0,1.0,0.0
medium_magnitude_speed,39d2efa2c3415300,d0f0228cd0d05c4a,time_to_collision_within_bound,1.0,1.0,0.0
medium_magnitude_speed,39d2efa2c3415300,d0f0228cd0d05c4a,driving_direction_compliance,1.0,1.0,0.0
medium_magnitude_speed,39d2efa2c3415300,d0f0228cd0d05c4a,no_ego_at_fault_collisions,1.0,1.0,0.0
medium_magnitude_speed,39d2efa2c3415300,d0f0228cd0d05c4a,ego_is_making_progress,1.0,1.0,0.0
medium_magnitude_speed,4d16677dccd05aa8,22e5ac24c024566d,ego_is_comfortable,1.0,1.0,0.0
medium_magnitude_speed,4d16677dccd05aa8,22e5ac24c024566d,ego_progress_along_expert_route,0.06106954750384552,1.0,-0.9389304524961545
medium_magnitude_speed,4d16677dccd05aa8,22e5ac24c024566d,speed_limit_compliance,1.0,1.0,0.0
medium_magnitude_speed,4d16677dccd05aa8,22e5ac24c024566d,time_to_collision_within_bound,1.0,1.0,0.0
medium_magnitude_speed,4d16677dccd05aa8,22e5ac24c024566d,driving_direction_compliance,1.0,1.0,0.0
medium_magnitude_speed,4d16677dccd05aa8,22e5ac24c024566d,no_ego_at_fault_collisions,1.0,1.0,0.0
medium_magnitude_speed,4d16677dccd05aa8,22e5ac24c024566d,ego_is_making_progress,0.0,1.0,-1.0
on_intersection,2e1639bf34b45aa7,a04455e0c0c75745,ego_is_comfortable,1.0,1.0,0.0
on_intersection,2e1639bf34b45aa7,a04455e0c0c75745,ego_progress_along_expert_route,1.0,0.9506147246953726,0.04938527530462744
on_intersection,2e1639bf34b45aa7,a04455e0c0c75745,speed_limit_compliance,1.0,1.0,0.0
on_intersection,2e1639bf34b45aa7,a04455e0c0c75745,time_to_collision_within_bound,0.0,0.0,0.0
on_intersection,2e1639bf34b45aa7,a04455e0c0c75745,driving_direction_compliance,1.0,1.0,0.0
on_intersection,2e1639bf34b45aa7,a04455e0c0c75745,no_ego_at_fault_collisions,1.0,1.0,0.0
on_intersection,2e1639bf34b45aa7,a04455e0c0c75745,ego_is_making_progress,1.0,1.0,0.0
on_intersection,b5ce55fce69c5543,a2d0c21791bd5e91,ego_is_comfortable,1.0,1.0,0.0
on_intersection,b5ce55fce69c5543,a2d0c21791bd5e91,ego_progress_along_expert_route,1.0,1.0,0.0
on_intersection,b5ce55fce69c5543,a2d0c21791bd5e91,speed_limit_compliance,1.0,1.0,0.0
on_intersection,b5ce55fce69c5543,a2d0c21791bd5e91,time_to_collision_within_bound,1.0,1.0,0.0
on_intersection,b5ce55fce69c5543,a2d0c21791bd5e91,driving_direction_compliance,1.0,1.0,0.0
on_intersection,b5ce55fce69c5543,a2d0c21791bd5e91,no_ego_at_fault_collisions,1.0,1.0,0.0
on_intersection,b5ce55fce69c5543,a2d0c21791bd5e91,ego_is_making_progress,1.0,1.0,0.0
low_magnitude_speed,4c7a22bc1dcc5b23,2e99f04d3e3f582b,ego_is_comfortable,1.0,1.0,0.0
low_magnitude_speed,4c7a22bc1dcc5b23,2e99f04d3e3f582b,ego_progress_along_expert_route,1.0,1.0,0.0
low_magnitude_speed,4c7a22bc1dcc5b23,2e99f04d3e3f582b,speed_limit_compliance,1.0,1.0,0.0
low_magnitude_speed,4c7a22bc1dcc5b23,2e99f04d3e3f582b,time_to_collision_within_bound,1.0,1.0,0.0
low_magnitude_speed,4c7a22bc1dcc5b23,2e99f04d3e3f582b,driving_direction_compliance,1.0,1.0,0.0
low_magnitude_speed,4c7a22bc1dcc5b23,2e99f04d3e3f582b,no_ego_at_fault_collisions,1.0,1.0,0.0
low_magnitude_speed,4c7a22bc1dcc5b23,2e99f04d3e3f582b,ego_is_making_progress,1.0,1.0,0.0
near_trafficcone_on_driveable,6e8d1690f3e75b22,899ed9ca42d750c6,ego_is_comfortable,1.0,1.0,0.0
near_trafficcone_on_driveable,6e8d1690f3e75b22,899ed9ca42d750c6,ego_progress_along_expert_route,0.7741871714912879,0.9260594763617298,-0.1518723048704419
near_trafficcone_on_driveable,6e8d1690f3e75b22,899ed9ca42d750c6,speed_limit_compliance,1.0,1.0,0.0
near_trafficcone_on_driveable,6e8d1690f3e75b22,899ed9ca42d750c6,time_to_collision_within_bound,1.0,1.0,0.0
near_trafficcone_on_driveable,6e8d1690f3e75b22,899ed9ca42d750c6,driving_direction_compliance,1.0,1.0,0.0
near_trafficcone_on_driveable,6e8d1690f3e75b22,899ed9ca42d750c6,no_ego_at_fault_collisions,1.0,1.0,0.0
near_trafficcone_on_driveable,6e8d1690f3e75b22,899ed9ca42d750c6,ego_is_making_progress,1.0,1.0,0.0
medium_magnitude_speed,e44773ed79ed54d3,7663b420c15e56d1,ego_is_comfortable,1.0,1.0,0.0
medium_magnitude_speed,e44773ed79ed54d3,7663b420c15e56d1,ego_progress_along_expert_route,1.0,1.0,0.0
medium_magnitude_speed,e44773ed79ed54d3,7663b420c15e56d1,speed_limit_compliance,1.0,1.0,0.0
medium_magnitude_speed,e44773ed79ed54d3,7663b420c15e56d1,time_to_collision_within_bound,1.0,1.0,0.0
medium_magnitude_speed,e44773ed79ed54d3,7663b420c15e56d1,driving_direction_compliance,1.0,1.0,0.0
medium_magnitude_speed,e44773ed79ed54d3,7663b420c15e56d1,no_ego_at_fault_collisions,1.0,1.0,0.0
medium_magnitude_speed,e44773ed79ed54d3,7663b420c15e56d1,ego_is_making_progress,1.0,1.0,0.0
near_pedestrian_at_pickup_dropoff,bfd72a862ca85564,b97d38e9b48d58bf,ego_is_comfortable,1.0,1.0,0.0
near_pedestrian_at_pickup_dropoff,bfd72a862ca85564,b97d38e9b48d58bf,ego_progress_along_expert_route,1.0,1.0,0.0
near_pedestrian_at_pickup_dropoff,bfd72a862ca85564,b97d38e9b48d58bf,speed_limit_compliance,0.7087964086820788,0.8620313432849702,-0.1532349346028914
near_pedestrian_at_pickup_dropoff,bfd72a862ca85564,b97d38e9b48d58bf,time_to_collision_within_bound,1.0,1.0,0.0
near_pedestrian_at_pickup_dropoff,bfd72a862ca85564,b97d38e9b48d58bf,driving_direction_compliance,1.0,1.0,0.0
near_pedestrian_at_pickup_dropoff,bfd72a862ca85564,b97d38e9b48d58bf,no_ego_at_fault_collisions,1.0,1.0,0.0
near_pedestrian_at_pickup_dropoff,bfd72a862ca85564,b97d38e9b48d58bf,ego_is_making_progress,1.0,1.0,0.0
on_carpark,3848cc2cb09a5bea,da6a39975b1a5c11,ego_is_comfortable,1.0,1.0,0.0
on_carpark,3848cc2cb09a5bea,da6a39975b1a5c11,ego_progress_along_expert_route,1.0,1.0,0.0
on_carpark,3848cc2cb09a5bea,da6a39975b1a5c11,speed_limit_compliance,1.0,1.0,0.0
on_carpark,3848cc2cb09a5bea,da6a39975b1a5c11,time_to_collision_within_bound,1.0,1.0,0.0
on_carpark,3848cc2cb09a5bea,da6a39975b1a5c11,driving_direction_compliance,1.0,1.0,0.0
on_carpark,3848cc2cb09a5bea,da6a39975b1a5c11,no_ego_at_fault_collisions,1.0,1.0,0.0
on_carpark,3848cc2cb09a5bea,da6a39975b1a5c11,ego_is_making_progress,1.0,1.0,0.0
on_stopline_stop_sign,faadf0b8b0da5c3b,970a1b1984b4575b,ego_is_comfortable,1.0,1.0,0.0
on_stopline_stop_sign,faadf0b8b0da5c3b,970a1b1984b4575b,ego_progress_along_expert_route,1.0,1.0,0.0
on_stopline_stop_sign,faadf0b8b0da5c3b,970a1b1984b4575b,speed_limit_compliance,1.0,1.0,0.0
on_stopline_stop_sign,faadf0b8b0da5c3b,970a1b1984b4575b,time_to_collision_within_bound,1.0,1.0,0.0
on_stopline_stop_sign,faadf0b8b0da5c3b,970a1b1984b4575b,driving_direction_compliance,1.0,1.0,0.0
on_stopline_stop_sign,faadf0b8b0da5c3b,970a1b1984b4575b,no_ego_at_fault_collisions,1.0,1.0,0.0
on_stopline_stop_sign,faadf0b8b0da5c3b,970a1b1984b4575b,ego_is_making_progress,1.0,1.0,0.0
medium_magnitude_speed,8e094bf622b6556b,0534ca727b8f5da7,ego_is_comfortable,1.0,1.0,0.0
medium_magnitude_speed,8e094bf622b6556b,0534ca727b8f5da7,ego_progress_along_expert_route,1.0,1.0,0.0
medium_magnitude_speed,8e094bf622b6556b,0534ca727b8f5da7,speed_limit_compliance,1.0,1.0,0.0
medium_magnitude_speed,8e094bf622b6556b,0534ca727b8f5da7,time_to_collision_within_bound,1.0,1.0,0.0
medium_magnitude_speed,8e094bf622b6556b,0534ca727b8f5da7,driving_direction_compliance,1.0,1.0,0.0
medium_magnitude_speed,8e094bf622b6556b,0534ca727b8f5da7,no_ego_at_fault_collisions,1.0,1.0,0.0
medium_magnitude_speed,8e094bf622b6556b,0534ca727b8f5da7,ego_is_making_progress,1.0,1.0,0.0
on_stopline_crosswalk,2e1639bf34b45aa7,a8c7e813c0ed5718,ego_is_comfortable,1.0,1.0,0.0
on_stopline_crosswalk,2e1639bf34b45aa7,a8c7e813c0ed5718,ego_progress_along_expert_route,1.0,0.9266097185748919,0.07339028142510806
on_stopline_crosswalk,2e1639bf34b45aa7,a8c7e813c0ed5718,speed_limit_compliance,1.0,1.0,0.0
on_stopline_crosswalk,2e1639bf34b45aa7,a8c7e813c0ed5718,time_to_collision_within_bound,0.0,0.0,0.0
on_stopline_crosswalk,2e1639bf34b45aa7,a8c7e813c0ed5718,driving_direction_compliance,1.0,1.0,0.0
on_stopline_crosswalk,2e1639bf34b45aa7,a8c7e813c0ed5718,no_ego_at_fault_collisions,1.0,1.0,0.0
on_stopline_crosswalk,2e1639bf34b45aa7,a8c7e813c0ed5718,ego_is_making_progress,1.0,1.0,0.0
high_magnitude_speed,8075cd0d1ec15d2e,6107a4fd4bcc5a47,ego_is_comfortable,1.0,1.0,0.0
high_magnitude_speed,8075cd0d1ec15d2e,6107a4fd4bcc5a47,ego_progress_along_expert_route,1.0,0.957380718027665,0.042619281972335
high_magnitude_speed,8075cd0d1ec15d2e,6107a4fd4bcc5a47,speed_limit_compliance,1.0,1.0,0.0
high_magnitude_speed,8075cd0d1ec15d2e,6107a4fd4bcc5a47,time_to_collision_within_bound,1.0,1.0,0.0
high_magnitude_speed,8075cd0d1ec15d2e,6107a4fd4bcc5a47,driving_direction_compliance,1.0,1.0,0.0
high_magnitude_speed,8075cd0d1ec15d2e,6107a4fd4bcc5a47,no_ego_at_fault_collisions,1.0,1.0,0.0
high_magnitude_speed,8075cd0d1ec15d2e,6107a4fd4bcc5a47,ego_is_making_progress,1.0,1.0,0.0
medium_magnitude_speed,e44773ed79ed54d3,17cfbacdbb6656fd,ego_is_comfortable,1.0,1.0,0.0
medium_magnitude_speed,e44773ed79ed54d3,17cfbacdbb6656fd,ego_progress_along_expert_route,1.0,1.0,0.0
medium_magnitude_speed,e44773ed79ed54d3,17cfbacdbb6656fd,speed_limit_compliance,1.0,1.0,0.0
medium_magnitude_speed,e44773ed79ed54d3,17cfbacdbb6656fd,time_to_collision_within_bound,1.0,1.0,0.0
medium_magnitude_speed,e44773ed79ed54d3,17cfbacdbb6656fd,driving_direction_compliance,1.0,1.0,0.0
medium_magnitude_speed,e44773ed79ed54d3,17cfbacdbb6656fd,no_ego_at_fault_collisions,1.0,1.0,0.0
medium_magnitude_speed,e44773ed79ed54d3,17cfbacdbb6656fd,ego_is_making_progress,1.0,1.0,0.0
medium_magnitude_speed,5b5327d0d712585c,d5a9699626725214,ego_is_comfortable,1.0,1.0,0.0
medium_magnitude_speed,5b5327d0d712585c,d5a9699626725214,ego_progress_along_expert_route,1.0,1.0,0.0
medium_magnitude_speed,5b5327d0d712585c,d5a9699626725214,speed_limit_compliance,1.0,1.0,0.0
medium_magnitude_speed,5b5327d0d712585c,d5a9699626725214,time_to_collision_within_bound,0.0,1.0,-1.0
medium_magnitude_speed,5b5327d0d712585c,d5a9699626725214,driving_direction_compliance,1.0,1.0,0.0
medium_magnitude_speed,5b5327d0d712585c,d5a9699626725214,no_ego_at_fault_collisions,0.0,1.0,-1.0
medium_magnitude_speed,5b5327d0d712585c,d5a9699626725214,ego_is_making_progress,1.0,1.0,0.0
near_multiple_vehicles,04475933b4625ede,578cffd8929d5bc2,ego_is_comfortable,1.0,1.0,0.0
near_multiple_vehicles,04475933b4625ede,578cffd8929d5bc2,ego_progress_along_expert_route,1.0,1.0,0.0
near_multiple_vehicles,04475933b4625ede,578cffd8929d5bc2,speed_limit_compliance,1.0,1.0,0.0
near_multiple_vehicles,04475933b4625ede,578cffd8929d5bc2,time_to_collision_within_bound,1.0,1.0,0.0
near_multiple_vehicles,04475933b4625ede,578cffd8929d5bc2,driving_direction_compliance,1.0,1.0,0.0
near_multiple_vehicles,04475933b4625ede,578cffd8929d5bc2,no_ego_at_fault_collisions,1.0,1.0,0.0
near_multiple_vehicles,04475933b4625ede,578cffd8929d5bc2,ego_is_making_progress,1.0,1.0,0.0
high_lateral_acceleration,3848cc2cb09a5bea,a4b8eb13e9ed52e3,ego_is_comfortable,1.0,1.0,0.0
high_lateral_acceleration,3848cc2cb09a5bea,a4b8eb13e9ed52e3,ego_progress_along_expert_route,1.0,0.9822933881385354,0.017706611861464605
high_lateral_acceleration,3848cc2cb09a5bea,a4b8eb13e9ed52e3,speed_limit_compliance,1.0,1.0,0.0
high_lateral_acceleration,3848cc2cb09a5bea,a4b8eb13e9ed52e3,time_to_collision_within_bound,0.0,1.0,-1.0
high_lateral_acceleration,3848cc2cb09a5bea,a4b8eb13e9ed52e3,driving_direction_compliance,1.0,1.0,0.0
high_lateral_acceleration,3848cc2cb09a5bea,a4b8eb13e9ed52e3,no_ego_at_fault_collisions,1.0,1.0,0.0
high_lateral_acceleration,3848cc2cb09a5bea,a4b8eb13e9ed52e3,ego_is_making_progress,1.0,1.0,0.0
near_trafficcone_on_driveable,a45d3d0f4b9255cc,5a4ef86d403f5f35,ego_is_comfortable,1.0,1.0,0.0
near_trafficcone_on_driveable,a45d3d0f4b9255cc,5a4ef86d403f5f35,ego_progress_along_expert_route,0.9999999999999999,0.3076521127627152,0.6923478872372847
near_trafficcone_on_driveable,a45d3d0f4b9255cc,5a4ef86d403f5f35,speed_limit_compliance,1.0,1.0,0.0
near_trafficcone_on_driveable,a45d3d0f4b9255cc,5a4ef86d403f5f35,time_to_collision_within_bound,1.0,1.0,0.0
near_trafficcone_on_driveable,a45d3d0f4b9255cc,5a4ef86d403f5f35,driving_direction_compliance,1.0,1.0,0.0
near_trafficcone_on_driveable,a45d3d0f4b9255cc,5a4ef86d403f5f35,no_ego_at_fault_collisions,1.0,1.0,0.0
near_trafficcone_on_driveable,a45d3d0f4b9255cc,5a4ef86d403f5f35,ego_is_making_progress,1.0,1.0,0.0
following_lane_with_slow_lead,c8e40f0733cd5ef8,7b60fee984235d08,ego_is_comfortable,1.0,1.0,0.0
following_lane_with_slow_lead,c8e40f0733cd5ef8,7b60fee984235d08,ego_progress_along_expert_route,0.4238655072400807,0.9928236337722574,-0.5689581265321766
following_lane_with_slow_lead,c8e40f0733cd5ef8,7b60fee984235d08,speed_limit_compliance,1.0,1.0,0.0
following_lane_with_slow_lead,c8e40f0733cd5ef8,7b60fee984235d08,time_to_collision_within_bound,1.0,1.0,0.0
following_lane_with_slow_lead,c8e40f0733cd5ef8,7b60fee984235d08,driving_direction_compliance,1.0,1.0,0.0
following_lane_with_slow_lead,c8e40f0733cd5ef8,7b60fee984235d08,no_ego_at_fault_collisions,1.0,1.0,0.0
following_lane_with_slow_lead,c8e40f0733cd5ef8,7b60fee984235d08,ego_is_making_progress,1.0,1.0,0.0
on_pickup_dropoff,b33512532be557d8,bb7bcfe73ca458c6,ego_is_comfortable,1.0,1.0,0.0
on_pickup_dropoff,b33512532be557d8,bb7bcfe73ca458c6,ego_progress_along_expert_route,0.6911335980640436,0.9927935562515962,-0.30165995818755253
on_pickup_dropoff,b33512532be557d8,bb7bcfe73ca458c6,speed_limit_compliance,1.0,1.0,0.0
on_pickup_dropoff,b33512532be557d8,bb7bcfe73ca458c6,time_to_collision_within_bound,1.0,1.0,0.0
on_pickup_dropoff,b33512532be557d8,bb7bcfe73ca458c6,driving_direction_compliance,1.0,1.0,0.0
on_pickup_dropoff,b33512532be557d8,bb7bcfe73ca458c6,no_ego_at_fault_collisions,1.0,1.0,0.0
on_pickup_dropoff,b33512532be557d8,bb7bcfe73ca458c6,ego_is_making_progress,1.0,1.0,0.0
on_stopline_stop_sign,afe2512625985226,1d33208c85c95470,ego_is_comfortable,1.0,1.0,0.0
on_stopline_stop_sign,afe2512625985226,1d33208c85c95470,ego_progress_along_expert_route,1.0,0.9164004512086936,0.08359954879130638
on_stopline_stop_sign,afe2512625985226,1d33208c85c95470,speed_limit_compliance,1.0,1.0,0.0
on_stopline_stop_sign,afe2512625985226,1d33208c85c95470,time_to_collision_within_bound,1.0,1.0,0.0
on_stopline_stop_sign,afe2512625985226,1d33208c85c95470,driving_direction_compliance,1.0,1.0,0.0
on_stopline_stop_sign,afe2512625985226,1d33208c85c95470,no_ego_at_fault_collisions,1.0,1.0,0.0
on_stopline_stop_sign,afe2512625985226,1d33208c85c95470,ego_is_making_progress,1.0,1.0,0.0
starting_right_turn,99ff40fb6aa8579f,d32c40cedb4d5025,ego_is_comfortable,1.0,0.0,1.0
starting_right_turn,99ff40fb6aa8579f,d32c40cedb4d5025,ego_progress_along_expert_route,1.0,0.8919582971727815,0.10804170282721848
starting_right_turn,99ff40fb6aa8579f,d32c40cedb4d5025,speed_limit_compliance,0.5279186313606727,1.0,-0.47208136863932726
starting_right_turn,99ff40fb6aa8579f,d32c40cedb4d5025,time_to_collision_within_bound,1.0,1.0,0.0
starting_right_turn,99ff40fb6aa8579f,d32c40cedb4d5025,driving_direction_compliance,1.0,1.0,0.0
starting_right_turn,99ff40fb6aa8579f,d32c40cedb4d5025,no_ego_at_fault_collisions,1.0,1.0,0.0
starting_right_turn,99ff40fb6aa8579f,d32c40cedb4d5025,ego_is_making_progress,1.0,1.0,0.0
high_magnitude_speed,e93d9e6b87b856c0,c734f0a08c38567a,ego_is_comfortable,0.0,1.0,-1.0
high_magnitude_speed,e93d9e6b87b856c0,c734f0a08c38567a,ego_progress_along_expert_route,0.09096456542857459,0.9899194605269224,-0.8989548950983478
high_magnitude_speed,e93d9e6b87b856c0,c734f0a08c38567a,speed_limit_compliance,1.0,1.0,0.0
high_magnitude_speed,e93d9e6b87b856c0,c734f0a08c38567a,time_to_collision_within_bound,1.0,1.0,0.0
high_magnitude_speed,e93d9e6b87b856c0,c734f0a08c38567a,driving_direction_compliance,1.0,1.0,0.0
high_magnitude_speed,e93d9e6b87b856c0,c734f0a08c38567a,no_ego_at_fault_collisions,1.0,1.0,0.0
high_magnitude_speed,e93d9e6b87b856c0,c734f0a08c38567a,ego_is_making_progress,0.0,1.0,-1.0
low_magnitude_speed,2e1639bf34b45aa7,7e8ba1b66831558a,ego_is_comfortable,1.0,1.0,0.0
low_magnitude_speed,2e1639bf34b45aa7,7e8ba1b66831558a,ego_progress_along_expert_route,1.0,0.9132217263676194,0.08677827363238055
low_magnitude_speed,2e1639bf34b45aa7,7e8ba1b66831558a,speed_limit_compliance,1.0,1.0,0.0
low_magnitude_speed,2e1639bf34b45aa7,7e8ba1b66831558a,time_to_collision_within_bound,0.0,0.0,0.0
low_magnitude_speed,2e1639bf34b45aa7,7e8ba1b66831558a,driving_direction_compliance,1.0,1.0,0.0
low_magnitude_speed,2e1639bf34b45aa7,7e8ba1b66831558a,no_ego_at_fault_collisions,0.0,1.0,-1.0
low_magnitude_speed,2e1639bf34b45aa7,7e8ba1b66831558a,ego_is_making_progress,1.0,1.0,0.0
following_lane_with_slow_lead,2bab77f6f3075436,1ab58c16e403584c,ego_is_comfortable,1.0,1.0,0.0
following_lane_with_slow_lead,2bab77f6f3075436,1ab58c16e403584c,ego_progress_along_expert_route,0.7418204608986617,1.0,-0.2581795391013383
following_lane_with_slow_lead,2bab77f6f3075436,1ab58c16e403584c,speed_limit_compliance,1.0,1.0,0.0
following_lane_with_slow_lead,2bab77f6f3075436,1ab58c16e403584c,time_to_collision_within_bound,1.0,1.0,0.0
following_lane_with_slow_lead,2bab77f6f3075436,1ab58c16e403584c,driving_direction_compliance,1.0,1.0,0.0
following_lane_with_slow_lead,2bab77f6f3075436,1ab58c16e403584c,no_ego_at_fault_collisions,1.0,1.0,0.0
following_lane_with_slow_lead,2bab77f6f3075436,1ab58c16e403584c,ego_is_making_progress,1.0,1.0,0.0
on_stopline_traffic_light,d68412586f115407,8d79f95cbd2d54fb,ego_is_comfortable,1.0,1.0,0.0
on_stopline_traffic_light,d68412586f115407,8d79f95cbd2d54fb,ego_progress_along_expert_route,1.0,1.0,0.0
on_stopline_traffic_light,d68412586f115407,8d79f95cbd2d54fb,speed_limit_compliance,1.0,1.0,0.0
on_stopline_traffic_light,d68412586f115407,8d79f95cbd2d54fb,time_to_collision_within_bound,1.0,1.0,0.0
on_stopline_traffic_light,d68412586f115407,8d79f95cbd2d54fb,driving_direction_compliance,1.0,1.0,0.0
on_stopline_traffic_light,d68412586f115407,8d79f95cbd2d54fb,no_ego_at_fault_collisions,1.0,1.0,0.0
on_stopline_traffic_light,d68412586f115407,8d79f95cbd2d54fb,ego_is_making_progress,1.0,1.0,0.0
medium_magnitude_speed,49b9435934005b68,0a90a7ae063a52c5,ego_is_comfortable,1.0,1.0,0.0
medium_magnitude_speed,49b9435934005b68,0a90a7ae063a52c5,ego_progress_along_expert_route,1.0,1.0,0.0
medium_magnitude_speed,49b9435934005b68,0a90a7ae063a52c5,speed_limit_compliance,1.0,1.0,0.0
medium_magnitude_speed,49b9435934005b68,0a90a7ae063a52c5,time_to_collision_within_bound,1.0,1.0,0.0
medium_magnitude_speed,49b9435934005b68,0a90a7ae063a52c5,driving_direction_compliance,1.0,1.0,0.0
medium_magnitude_speed,49b9435934005b68,0a90a7ae063a52c5,no_ego_at_fault_collisions,1.0,1.0,0.0
medium_magnitude_speed,49b9435934005b68,0a90a7ae063a52c5,ego_is_making_progress,1.0,1.0,0.0
on_carpark,3848cc2cb09a5bea,bd150484dd925b72,ego_is_comfortable,1.0,1.0,0.0
on_carpark,3848cc2cb09a5bea,bd150484dd925b72,ego_progress_along_expert_route,1.0,0.9996419458925759,0.0003580541074240662
on_carpark,3848cc2cb09a5bea,bd150484dd925b72,speed_limit_compliance,1.0,1.0,0.0
on_carpark,3848cc2cb09a5bea,bd150484dd925b72,time_to_collision_within_bound,0.0,1.0,-1.0
on_carpark,3848cc2cb09a5bea,bd150484dd925b72,driving_direction_compliance,1.0,1.0,0.0
on_carpark,3848cc2cb09a5bea,bd150484dd925b72,no_ego_at_fault_collisions,1.0,1.0,0.0
on_carpark,3848cc2cb09a5bea,bd150484dd925b72,ego_is_making_progress,1.0,1.0,0.0
on_intersection,2e1639bf34b45aa7,e229bd2d160853f0,ego_is_comfortable,1.0,1.0,0.0
on_intersection,2e1639bf34b45aa7,e229bd2d160853f0,ego_progress_along_expert_route,1.0,1.0,0.0
on_intersection,2e1639bf34b45aa7,e229bd2d160853f0,speed_limit_compliance,1.0,1.0,0.0
on_intersection,2e1639bf34b45aa7,e229bd2d160853f0,time_to_collision_within_bound,1.0,0.0,1.0
on_intersection,2e1639bf34b45aa7,e229bd2d160853f0,driving_direction_compliance,1.0,1.0,0.0
on_intersection,2e1639bf34b45aa7,e229bd2d160853f0,no_ego_at_fault_collisions,1.0,1.0,0.0
on_intersection,2e1639bf34b45aa7,e229bd2d160853f0,ego_is_making_progress,1.0,1.0,0.0
stationary,94d4f56a5e4d528f,02900796e7e151b6,ego_is_comfortable,1.0,1.0,0.0
stationary,94d4f56a5e4d528f,02900796e7e151b6,ego_progress_along_expert_route,0.5822072153503848,0.9081164147524183,-0.32590919940203356
stationary,94d4f56a5e4d528f,02900796e7e151b6,speed_limit_compliance,1.0,1.0,0.0
stationary,94d4f56a5e4d528f,02900796e7e151b6,time_to_collision_within_bound,1.0,1.0,0.0
stationary,94d4f56a5e4d528f,02900796e7e151b6,driving_direction_compliance,1.0,1.0,0.0
stationary,94d4f56a5e4d528f,02900796e7e151b6,no_ego_at_fault_collisions,1.0,1.0,0.0
stationary,94d4f56a5e4d528f,02900796e7e151b6,ego_is_making_progress,1.0,1.0,0.0
near_long_vehicle,786992e6fb185d1b,f3d332d91d1a5f35,ego_is_comfortable,1.0,1.0,0.0
near_long_vehicle,786992e6fb185d1b,f3d332d91d1a5f35,ego_progress_along_expert_route,0.6754750418074636,1.0,-0.32452495819253635
near_long_vehicle,786992e6fb185d1b,f3d332d91d1a5f35,speed_limit_compliance,1.0,1.0,0.0
near_long_vehicle,786992e6fb185d1b,f3d332d91d1a5f35,time_to_collision_within_bound,1.0,1.0,0.0
near_long_vehicle,786992e6fb185d1b,f3d332d91d1a5f35,driving_direction_compliance,1.0,1.0,0.0
near_long_vehicle,786992e6fb185d1b,f3d332d91d1a5f35,no_ego_at_fault_collisions,1.0,1.0,0.0
near_long_vehicle,786992e6fb185d1b,f3d332d91d1a5f35,ego_is_making_progress,1.0,1.0,0.0
high_magnitude_speed,986fb7485950534c,86721e8cf9995451,ego_is_comfortable,1.0,1.0,0.0
high_magnitude_speed,986fb7485950534c,86721e8cf9995451,ego_progress_along_expert_route,0.9970649331026852,0.9939608630052804,0.0031040700974047652
high_magnitude_speed,986fb7485950534c,86721e8cf9995451,speed_limit_compliance,1.0,1.0,0.0
high_magnitude_speed,986fb7485950534c,86721e8cf9995451,time_to_collision_within_bound,1.0,0.0,1.0
high_magnitude_speed,986fb7485950534c,86721e8cf9995451,driving_direction_compliance,1.0,1.0,0.0
high_magnitude_speed,986fb7485950534c,86721e8cf9995451,no_ego_at_fault_collisions,1.0,0.0,1.0
high_magnitude_speed,986fb7485950534c,86721e8cf9995451,ego_is_making_progress,1.0,1.0,0.0
near_long_vehicle,dc7a29c22f6a590e,8c0cf4c73c8052a3,ego_is_comfortable,1.0,1.0,0.0
near_long_vehicle,dc7a29c22f6a590e,8c0cf4c73c8052a3,ego_progress_along_expert_route,1.0,1.0,0.0
near_long_vehicle,dc7a29c22f6a590e,8c0cf4c73c8052a3,speed_limit_compliance,1.0,1.0,0.0
near_long_vehicle,dc7a29c22f6a590e,8c0cf4c73c8052a3,time_to_collision_within_bound,1.0,1.0,0.0
near_long_vehicle,dc7a29c22f6a590e,8c0cf4c73c8052a3,driving_direction_compliance,1.0,1.0,0.0
near_long_vehicle,dc7a29c22f6a590e,8c0cf4c73c8052a3,no_ego_at_fault_collisions,1.0,1.0,0.0
near_long_vehicle,dc7a29c22f6a590e,8c0cf4c73c8052a3,ego_is_making_progress,1.0,1.0,0.0
high_magnitude_speed,1c6b3892865f56b3,9d15b6a222ed5f3d,ego_is_comfortable,1.0,1.0,0.0
high_magnitude_speed,1c6b3892865f56b3,9d15b6a222ed5f3d,ego_progress_along_expert_route,1.0,0.8414632620884899,0.15853673791151013
high_magnitude_speed,1c6b3892865f56b3,9d15b6a222ed5f3d,speed_limit_compliance,0.7982067432641574,0.9939294672272683,-0.19572272396311086
high_magnitude_speed,1c6b3892865f56b3,9d15b6a222ed5f3d,time_to_collision_within_bound,1.0,1.0,0.0
high_magnitude_speed,1c6b3892865f56b3,9d15b6a222ed5f3d,driving_direction_compliance,1.0,1.0,0.0
high_magnitude_speed,1c6b3892865f56b3,9d15b6a222ed5f3d,no_ego_at_fault_collisions,1.0,1.0,0.0
high_magnitude_speed,1c6b3892865f56b3,9d15b6a222ed5f3d,ego_is_making_progress,1.0,1.0,0.0
on_intersection,3368a8f8c93e5d9c,526dc545929a565e,ego_is_comfortable,1.0,1.0,0.0
on_intersection,3368a8f8c93e5d9c,526dc545929a565e,ego_progress_along_expert_route,1.0,0.9608774304349285,0.03912256956507154
on_intersection,3368a8f8c93e5d9c,526dc545929a565e,speed_limit_compliance,1.0,1.0,0.0
on_intersection,3368a8f8c93e5d9c,526dc545929a565e,time_to_collision_within_bound,1.0,1.0,0.0
on_intersection,3368a8f8c93e5d9c,526dc545929a565e,driving_direction_compliance,1.0,1.0,0.0
on_intersection,3368a8f8c93e5d9c,526dc545929a565e,no_ego_at_fault_collisions,1.0,1.0,0.0
on_intersection,3368a8f8c93e5d9c,526dc545929a565e,ego_is_making_progress,1.0,1.0,0.0
stationary,5c4e1354467b58e1,47b1f45f333f5b6c,ego_is_comfortable,1.0,1.0,0.0
stationary,5c4e1354467b58e1,47b1f45f333f5b6c,ego_progress_along_expert_route,1.0,1.0,0.0
stationary,5c4e1354467b58e1,47b1f45f333f5b6c,speed_limit_compliance,1.0,1.0,0.0
stationary,5c4e1354467b58e1,47b1f45f333f5b6c,time_to_collision_within_bound,1.0,1.0,0.0
stationary,5c4e1354467b58e1,47b1f45f333f5b6c,driving_direction_compliance,1.0,1.0,0.0
stationary,5c4e1354467b58e1,47b1f45f333f5b6c,no_ego_at_fault_collisions,1.0,1.0,0.0
stationary,5c4e1354467b58e1,47b1f45f333f5b6c,ego_is_making_progress,1.0,1.0,0.0
on_stopline_traffic_light,6e8d1690f3e75b22,5ca3416cc3e65932,ego_is_comfortable,1.0,1.0,0.0
on_stopline_traffic_light,6e8d1690f3e75b22,5ca3416cc3e65932,ego_progress_along_expert_route,1.0,0.9502387693368778,0.04976123066312221
on_stopline_traffic_light,6e8d1690f3e75b22,5ca3416cc3e65932,speed_limit_compliance,1.0,1.0,0.0
on_stopline_traffic_light,6e8d1690f3e75b22,5ca3416cc3e65932,time_to_collision_within_bound,1.0,1.0,0.0
on_stopline_traffic_light,6e8d1690f3e75b22,5ca3416cc3e65932,driving_direction_compliance,1.0,1.0,0.0
on_stopline_traffic_light,6e8d1690f3e75b22,5ca3416cc3e65932,no_ego_at_fault_collisions,1.0,1.0,0.0
on_stopline_traffic_light,6e8d1690f3e75b22,5ca3416cc3e65932,ego_is_making_progress,1.0,1.0,0.0
on_stopline_traffic_light,d68412586f115407,3f1a13546f03500e,ego_is_comfortable,1.0,1.0,0.0
on_stopline_traffic_light,d68412586f115407,3f1a13546f03500e,ego_progress_along_expert_route,1.0,1.0,0.0
on_stopline_traffic_light,d68412586f115407,3f1a13546f03500e,speed_limit_compliance,1.0,1.0,0.0
on_stopline_traffic_light,d68412586f115407,3f1a13546f03500e,time_to_collision_within_bound,1.0,1.0,0.0
on_stopline_traffic_light,d68412586f115407,3f1a13546f03500e,driving_direction_compliance,1.0,1.0,0.0
on_stopline_traffic_light,d68412586f115407,3f1a13546f03500e,no_ego_at_fault_collisions,1.0,1.0,0.0
on_stopline_traffic_light,d68412586f115407,3f1a13546f03500e,ego_is_making_progress,1.0,1.0,0.0
on_stopline_traffic_light,6e8d1690f3e75b22,3151826a80eb520a,ego_is_comfortable,1.0,1.0,0.0
on_stopline_traffic_light,6e8d1690f3e75b22,3151826a80eb520a,ego_progress_along_expert_route,1.0,1.0,0.0
on_stopline_traffic_light,6e8d1690f3e75b22,3151826a80eb520a,speed_limit_compliance,1.0,1.0,0.0
on_stopline_traffic_light,6e8d1690f3e75b22,3151826a80eb520a,time_to_collision_within_bound,1.0,1.0,0.0
on_stopline_traffic_light,6e8d1690f3e75b22,3151826a80eb520a,driving_direction_compliance,1.0,1.0,0.0
on_stopline_traffic_light,6e8d1690f3e75b22,3151826a80eb520a,no_ego_at_fault_collisions,1.0,1.0,0.0
on_stopline_traffic_light,6e8d1690f3e75b22,3151826a80eb520a,ego_is_making_progress,1.0,1.0,0.0
near_trafficcone_on_driveable,e0817ac359cc5a0f,cbf05a7c0e8551b1,ego_is_comfortable,1.0,1.0,0.0
near_trafficcone_on_driveable,e0817ac359cc5a0f,cbf05a7c0e8551b1,ego_progress_along_expert_route,1.0,1.0,0.0
near_trafficcone_on_driveable,e0817ac359cc5a0f,cbf05a7c0e8551b1,speed_limit_compliance,1.0,1.0,0.0
near_trafficcone_on_driveable,e0817ac359cc5a0f,cbf05a7c0e8551b1,time_to_collision_within_bound,1.0,1.0,0.0
near_trafficcone_on_driveable,e0817ac359cc5a0f,cbf05a7c0e8551b1,driving_direction_compliance,1.0,1.0,0.0
near_trafficcone_on_driveable,e0817ac359cc5a0f,cbf05a7c0e8551b1,no_ego_at_fault_collisions,1.0,1.0,0.0
near_trafficcone_on_driveable,e0817ac359cc5a0f,cbf05a7c0e8551b1,ego_is_making_progress,1.0,1.0,0.0
low_magnitude_speed,5e71605d31f4590d,ea377e9426a254d8,ego_is_comfortable,1.0,1.0,0.0
low_magnitude_speed,5e71605d31f4590d,ea377e9426a254d8,ego_progress_along_expert_route,1.0,0.6022793636927317,0.3977206363072683
low_magnitude_speed,5e71605d31f4590d,ea377e9426a254d8,speed_limit_compliance,1.0,1.0,0.0
low_magnitude_speed,5e71605d31f4590d,ea377e9426a254d8,time_to_collision_within_bound,1.0,1.0,0.0
low_magnitude_speed,5e71605d31f4590d,ea377e9426a254d8,driving_direction_compliance,1.0,1.0,0.0
low_magnitude_speed,5e71605d31f4590d,ea377e9426a254d8,no_ego_at_fault_collisions,1.0,1.0,0.0
low_magnitude_speed,5e71605d31f4590d,ea377e9426a254d8,ego_is_making_progress,1.0,1.0,0.0
medium_magnitude_speed,dc7a29c22f6a590e,63683efdd6c65f57,ego_is_comfortable,1.0,1.0,0.0
medium_magnitude_speed,dc7a29c22f6a590e,63683efdd6c65f57,ego_progress_along_expert_route,1.0,1.0,0.0
medium_magnitude_speed,dc7a29c22f6a590e,63683efdd6c65f57,speed_limit_compliance,1.0,1.0,0.0
medium_magnitude_speed,dc7a29c22f6a590e,63683efdd6c65f57,time_to_collision_within_bound,1.0,1.0,0.0
medium_magnitude_speed,dc7a29c22f6a590e,63683efdd6c65f57,driving_direction_compliance,1.0,1.0,0.0
medium_magnitude_speed,dc7a29c22f6a590e,63683efdd6c65f57,no_ego_at_fault_collisions,1.0,1.0,0.0
medium_magnitude_speed,dc7a29c22f6a590e,63683efdd6c65f57,ego_is_making_progress,1.0,1.0,0.0
on_intersection,7923eab046a65a5b,286579c9a2205da8,ego_is_comfortable,1.0,1.0,0.0
on_intersection,7923eab046a65a5b,286579c9a2205da8,ego_progress_along_expert_route,1.0,0.9284799121490117,0.07152008785098829
on_intersection,7923eab046a65a5b,286579c9a2205da8,speed_limit_compliance,1.0,1.0,0.0
on_intersection,7923eab046a65a5b,286579c9a2205da8,time_to_collision_within_bound,1.0,1.0,0.0
on_intersection,7923eab046a65a5b,286579c9a2205da8,driving_direction_compliance,1.0,1.0,0.0
on_intersection,7923eab046a65a5b,286579c9a2205da8,no_ego_at_fault_collisions,1.0,1.0,0.0
on_intersection,7923eab046a65a5b,286579c9a2205da8,ego_is_making_progress,1.0,1.0,0.0
on_intersection,faadf0b8b0da5c3b,b0688254b5fe53f0,ego_is_comfortable,1.0,1.0,0.0
on_intersection,faadf0b8b0da5c3b,b0688254b5fe53f0,ego_progress_along_expert_route,1.0,1.0,0.0
on_intersection,faadf0b8b0da5c3b,b0688254b5fe53f0,speed_limit_compliance,1.0,1.0,0.0
on_intersection,faadf0b8b0da5c3b,b0688254b5fe53f0,time_to_collision_within_bound,1.0,1.0,0.0
on_intersection,faadf0b8b0da5c3b,b0688254b5fe53f0,driving_direction_compliance,1.0,1.0,0.0
on_intersection,faadf0b8b0da5c3b,b0688254b5fe53f0,no_ego_at_fault_collisions,1.0,1.0,0.0
on_intersection,faadf0b8b0da5c3b,b0688254b5fe53f0,ego_is_making_progress,1.0,1.0,0.0
near_construction_zone_sign,e93d9e6b87b856c0,6ca240fcd9a75bec,ego_is_comfortable,0.0,1.0,-1.0
near_construction_zone_sign,e93d9e6b87b856c0,6ca240fcd9a75bec,ego_progress_along_expert_route,0.07235864036926531,0.959145688504131,-0.8867870481348656
near_construction_zone_sign,e93d9e6b87b856c0,6ca240fcd9a75bec,speed_limit_compliance,1.0,1.0,0.0
near_construction_zone_sign,e93d9e6b87b856c0,6ca240fcd9a75bec,time_to_collision_within_bound,1.0,1.0,0.0
near_construction_zone_sign,e93d9e6b87b856c0,6ca240fcd9a75bec,driving_direction_compliance,1.0,1.0,0.0
near_construction_zone_sign,e93d9e6b87b856c0,6ca240fcd9a75bec,no_ego_at_fault_collisions,1.0,1.0,0.0
near_construction_zone_sign,e93d9e6b87b856c0,6ca240fcd9a75bec,ego_is_making_progress,0.0,1.0,-1.0
on_stopline_stop_sign,a45d3d0f4b9255cc,b27306754bfc5000,ego_is_comfortable,1.0,1.0,0.0
on_stopline_stop_sign,a45d3d0f4b9255cc,b27306754bfc5000,ego_progress_along_expert_route,1.0,0.8192690985950588,0.1807309014049412
on_stopline_stop_sign,a45d3d0f4b9255cc,b27306754bfc5000,speed_limit_compliance,1.0,1.0,0.0
on_stopline_stop_sign,a45d3d0f4b9255cc,b27306754bfc5000,time_to_collision_within_bound,1.0,1.0,0.0
on_stopline_stop_sign,a45d3d0f4b9255cc,b27306754bfc5000,driving_direction_compliance,1.0,1.0,0.0
on_stopline_stop_sign,a45d3d0f4b9255cc,b27306754bfc5000,no_ego_at_fault_collisions,1.0,1.0,0.0
on_stopline_stop_sign,a45d3d0f4b9255cc,b27306754bfc5000,ego_is_making_progress,1.0,1.0,0.0
stationary,5c4e1354467b58e1,2b49345c8e465b8b,ego_is_comfortable,1.0,1.0,0.0
stationary,5c4e1354467b58e1,2b49345c8e465b8b,ego_progress_along_expert_route,1.0,1.0,0.0
stationary,5c4e1354467b58e1,2b49345c8e465b8b,speed_limit_compliance,1.0,1.0,0.0
stationary,5c4e1354467b58e1,2b49345c8e465b8b,time_to_collision_within_bound,1.0,1.0,0.0
stationary,5c4e1354467b58e1,2b49345c8e465b8b,driving_direction_compliance,1.0,1.0,0.0
stationary,5c4e1354467b58e1,2b49345c8e465b8b,no_ego_at_fault_collisions,1.0,1.0,0.0
stationary,5c4e1354467b58e1,2b49345c8e465b8b,ego_is_making_progress,1.0,1.0,0.0
medium_magnitude_speed,de0fff7178fe5783,423fc49c37c6505b,ego_is_comfortable,1.0,1.0,0.0
medium_magnitude_speed,de0fff7178fe5783,423fc49c37c6505b,ego_progress_along_expert_route,1.0,1.0,0.0
medium_magnitude_speed,de0fff7178fe5783,423fc49c37c6505b,speed_limit_compliance,1.0,1.0,0.0
medium_magnitude_speed,de0fff7178fe5783,423fc49c37c6505b,time_to_collision_within_bound,1.0,1.0,0.0
medium_magnitude_speed,de0fff7178fe5783,423fc49c37c6505b,driving_direction_compliance,1.0,1.0,0.0
medium_magnitude_speed,de0fff7178fe5783,423fc49c37c6505b,no_ego_at_fault_collisions,1.0,1.0,0.0
medium_magnitude_speed,de0fff7178fe5783,423fc49c37c6505b,ego_is_making_progress,1.0,1.0,0.0
medium_magnitude_speed,39d2efa2c3415300,e4b1f574d6f15fff,ego_is_comfortable,1.0,1.0,0.0
medium_magnitude_speed,39d2efa2c3415300,e4b1f574d6f15fff,ego_progress_along_expert_route,1.0,1.0,0.0
medium_magnitude_speed,39d2efa2c3415300,e4b1f574d6f15fff,speed_limit_compliance,1.0,1.0,0.0
medium_magnitude_speed,39d2efa2c3415300,e4b1f574d6f15fff,time_to_collision_within_bound,1.0,1.0,0.0
medium_magnitude_speed,39d2efa2c3415300,e4b1f574d6f15fff,driving_direction_compliance,1.0,1.0,0.0
medium_magnitude_speed,39d2efa2c3415300,e4b1f574d6f15fff,no_ego_at_fault_collisions,1.0,1.0,0.0
medium_magnitude_speed,39d2efa2c3415300,e4b1f574d6f15fff,ego_is_making_progress,1.0,1.0,0.0
high_magnitude_speed,986fb7485950534c,454e7359dd905de3,ego_is_comfortable,1.0,1.0,0.0
high_magnitude_speed,986fb7485950534c,454e7359dd905de3,ego_progress_along_expert_route,0.962724357095708,1.0,-0.03727564290429197
high_magnitude_speed,986fb7485950534c,454e7359dd905de3,speed_limit_compliance,1.0,1.0,0.0
high_magnitude_speed,986fb7485950534c,454e7359dd905de3,time_to_collision_within_bound,1.0,0.0,1.0
high_magnitude_speed,986fb7485950534c,454e7359dd905de3,driving_direction_compliance,1.0,1.0,0.0
high_magnitude_speed,986fb7485950534c,454e7359dd905de3,no_ego_at_fault_collisions,1.0,0.0,1.0
high_magnitude_speed,986fb7485950534c,454e7359dd905de3,ego_is_making_progress,1.0,1.0,0.0
medium_magnitude_speed,a45d3d0f4b9255cc,ee7641ed45245bf5,ego_is_comfortable,1.0,1.0,0.0
medium_magnitude_speed,a45d3d0f4b9255cc,ee7641ed45245bf5,ego_progress_along_expert_route,1.0,0.8054830862826924,0.19451691371730762
medium_magnitude_speed,a45d3d0f4b9255cc,ee7641ed45245bf5,speed_limit_compliance,1.0,1.0,0.0
medium_magnitude_speed,a45d3d0f4b9255cc,ee7641ed45245bf5,time_to_collision_within_bound,1.0,1.0,0.0
medium_magnitude_speed,a45d3d0f4b9255cc,ee7641ed45245bf5,driving_direction_compliance,1.0,1.0,0.0
medium_magnitude_speed,a45d3d0f4b9255cc,ee7641ed45245bf5,no_ego_at_fault_collisions,1.0,1.0,0.0
medium_magnitude_speed,a45d3d0f4b9255cc,ee7641ed45245bf5,ego_is_making_progress,1.0,1.0,0.0
on_carpark,6dd24a241d8055ef,339f1fe9016c5e92,ego_is_comfortable,1.0,1.0,0.0
on_carpark,6dd24a241d8055ef,339f1fe9016c5e92,ego_progress_along_expert_route,1.0,0.7442893137992789,0.2557106862007211
on_carpark,6dd24a241d8055ef,339f1fe9016c5e92,speed_limit_compliance,1.0,1.0,0.0
on_carpark,6dd24a241d8055ef,339f1fe9016c5e92,time_to_collision_within_bound,0.0,1.0,-1.0
on_carpark,6dd24a241d8055ef,339f1fe9016c5e92,driving_direction_compliance,1.0,1.0,0.0
on_carpark,6dd24a241d8055ef,339f1fe9016c5e92,no_ego_at_fault_collisions,0.0,1.0,-1.0
on_carpark,6dd24a241d8055ef,339f1fe9016c5e92,ego_is_making_progress,1.0,1.0,0.0
on_intersection,afe2512625985226,49b3c75ac7c65640,ego_is_comfortable,1.0,1.0,0.0
on_intersection,afe2512625985226,49b3c75ac7c65640,ego_progress_along_expert_route,1.0,1.0,0.0
on_intersection,afe2512625985226,49b3c75ac7c65640,speed_limit_compliance,1.0,1.0,0.0
on_intersection,afe2512625985226,49b3c75ac7c65640,time_to_collision_within_bound,1.0,1.0,0.0
on_intersection,afe2512625985226,49b3c75ac7c65640,driving_direction_compliance,1.0,1.0,0.0
on_intersection,afe2512625985226,49b3c75ac7c65640,no_ego_at_fault_collisions,1.0,1.0,0.0
on_intersection,afe2512625985226,49b3c75ac7c65640,ego_is_making_progress,1.0,1.0,0.0
stationary,d201580baed05e4e,5ee5d13522f751ce,ego_is_comfortable,1.0,1.0,0.0
stationary,d201580baed05e4e,5ee5d13522f751ce,ego_progress_along_expert_route,1.0,1.0,0.0
stationary,d201580baed05e4e,5ee5d13522f751ce,speed_limit_compliance,1.0,1.0,0.0
stationary,d201580baed05e4e,5ee5d13522f751ce,time_to_collision_within_bound,1.0,1.0,0.0
stationary,d201580baed05e4e,5ee5d13522f751ce,driving_direction_compliance,1.0,1.0,0.0
stationary,d201580baed05e4e,5ee5d13522f751ce,no_ego_at_fault_collisions,1.0,1.0,0.0
stationary,d201580baed05e4e,5ee5d13522f751ce,ego_is_making_progress,1.0,1.0,0.0
stationary,c2d9a5f712e2512c,921074f3c0f95954,ego_is_comfortable,1.0,1.0,0.0
stationary,c2d9a5f712e2512c,921074f3c0f95954,ego_progress_along_expert_route,0.4012363555144147,1.0,-0.5987636444855853
stationary,c2d9a5f712e2512c,921074f3c0f95954,speed_limit_compliance,1.0,1.0,0.0
stationary,c2d9a5f712e2512c,921074f3c0f95954,time_to_collision_within_bound,1.0,1.0,0.0
stationary,c2d9a5f712e2512c,921074f3c0f95954,driving_direction_compliance,1.0,1.0,0.0
stationary,c2d9a5f712e2512c,921074f3c0f95954,no_ego_at_fault_collisions,1.0,1.0,0.0
stationary,c2d9a5f712e2512c,921074f3c0f95954,ego_is_making_progress,1.0,1.0,0.0
medium_magnitude_speed,4d16677dccd05aa8,a6dc344667885468,ego_is_comfortable,1.0,1.0,0.0
medium_magnitude_speed,4d16677dccd05aa8,a6dc344667885468,ego_progress_along_expert_route,0.062049295367169244,1.0,-0.9379507046328308
medium_magnitude_speed,4d16677dccd05aa8,a6dc344667885468,speed_limit_compliance,1.0,1.0,0.0
medium_magnitude_speed,4d16677dccd05aa8,a6dc344667885468,time_to_collision_within_bound,1.0,1.0,0.0
medium_magnitude_speed,4d16677dccd05aa8,a6dc344667885468,driving_direction_compliance,1.0,1.0,0.0
medium_magnitude_speed,4d16677dccd05aa8,a6dc344667885468,no_ego_at_fault_collisions,1.0,1.0,0.0
medium_magnitude_speed,4d16677dccd05aa8,a6dc344667885468,ego_is_making_progress,0.0,1.0,-1.0
high_magnitude_speed,2bab77f6f3075436,0f147aa965805c6f,ego_is_comfortable,1.0,1.0,0.0
high_magnitude_speed,2bab77f6f3075436,0f147aa965805c6f,ego_progress_along_expert_route,1.0,0.9846794636571502,0.0153205363428498
high_magnitude_speed,2bab77f6f3075436,0f147aa965805c6f,speed_limit_compliance,1.0,1.0,0.0
high_magnitude_speed,2bab77f6f3075436,0f147aa965805c6f,time_to_collision_within_bound,1.0,1.0,0.0
high_magnitude_speed,2bab77f6f3075436,0f147aa965805c6f,driving_direction_compliance,1.0,1.0,0.0
high_magnitude_speed,2bab77f6f3075436,0f147aa965805c6f,no_ego_at_fault_collisions,1.0,1.0,0.0
high_magnitude_speed,2bab77f6f3075436,0f147aa965805c6f,ego_is_making_progress,1.0,1.0,0.0
on_pickup_dropoff,d9d94553ab445639,d8854cefbcc75b76,ego_is_comfortable,1.0,1.0,0.0
on_pickup_dropoff,d9d94553ab445639,d8854cefbcc75b76,ego_progress_along_expert_route,0.5198721374471774,1.0,-0.4801278625528226
on_pickup_dropoff,d9d94553ab445639,d8854cefbcc75b76,speed_limit_compliance,1.0,1.0,0.0
on_pickup_dropoff,d9d94553ab445639,d8854cefbcc75b76,time_to_collision_within_bound,1.0,1.0,0.0
on_pickup_dropoff,d9d94553ab445639,d8854cefbcc75b76,driving_direction_compliance,1.0,1.0,0.0
on_pickup_dropoff,d9d94553ab445639,d8854cefbcc75b76,no_ego_at_fault_collisions,1.0,1.0,0.0
on_pickup_dropoff,d9d94553ab445639,d8854cefbcc75b76,ego_is_making_progress,1.0,1.0,0.0
medium_magnitude_speed,7e781d24d8825581,78f29260c729551d,ego_is_comfortable,1.0,0.0,1.0
medium_magnitude_speed,7e781d24d8825581,78f29260c729551d,ego_progress_along_expert_route,0.9405976542683474,1.0,-0.059402345731652595
medium_magnitude_speed,7e781d24d8825581,78f29260c729551d,speed_limit_compliance,1.0,1.0,0.0
medium_magnitude_speed,7e781d24d8825581,78f29260c729551d,time_to_collision_within_bound,0.0,1.0,-1.0
medium_magnitude_speed,7e781d24d8825581,78f29260c729551d,driving_direction_compliance,1.0,1.0,0.0
medium_magnitude_speed,7e781d24d8825581,78f29260c729551d,no_ego_at_fault_collisions,1.0,1.0,0.0
medium_magnitude_speed,7e781d24d8825581,78f29260c729551d,ego_is_making_progress,1.0,1.0,0.0
on_intersection,c8e40f0733cd5ef8,df4671205c395a3b,ego_is_comfortable,1.0,1.0,0.0
on_intersection,c8e40f0733cd5ef8,df4671205c395a3b,ego_progress_along_expert_route,1.0,0.8698225661055787,0.13017743389442127
on_intersection,c8e40f0733cd5ef8,df4671205c395a3b,speed_limit_compliance,1.0,1.0,0.0
on_intersection,c8e40f0733cd5ef8,df4671205c395a3b,time_to_collision_within_bound,1.0,1.0,0.0
on_intersection,c8e40f0733cd5ef8,df4671205c395a3b,driving_direction_compliance,1.0,1.0,0.0
on_intersection,c8e40f0733cd5ef8,df4671205c395a3b,no_ego_at_fault_collisions,1.0,1.0,0.0
on_intersection,c8e40f0733cd5ef8,df4671205c395a3b,ego_is_making_progress,1.0,1.0,0.0
on_intersection,faadf0b8b0da5c3b,6fb38088e95e5f6b,ego_is_comfortable,1.0,1.0,0.0
on_intersection,faadf0b8b0da5c3b,6fb38088e95e5f6b,ego_progress_along_expert_route,1.0,1.0,0.0
on_intersection,faadf0b8b0da5c3b,6fb38088e95e5f6b,speed_limit_compliance,1.0,1.0,0.0
on_intersection,faadf0b8b0da5c3b,6fb38088e95e5f6b,time_to_collision_within_bound,1.0,1.0,0.0
on_intersection,faadf0b8b0da5c3b,6fb38088e95e5f6b,driving_direction_compliance,1.0,1.0,0.0
on_intersection,faadf0b8b0da5c3b,6fb38088e95e5f6b,no_ego_at_fault_collisions,1.0,1.0,0.0
on_intersection,faadf0b8b0da5c3b,6fb38088e95e5f6b,ego_is_making_progress,1.0,1.0,0.0
on_intersection,4d16677dccd05aa8,e7b44d2b385c5655,ego_is_comfortable,1.0,1.0,0.0
on_intersection,4d16677dccd05aa8,e7b44d2b385c5655,ego_progress_along_expert_route,1.0,1.0,0.0
on_intersection,4d16677dccd05aa8,e7b44d2b385c5655,speed_limit_compliance,1.0,1.0,0.0
on_intersection,4d16677dccd05aa8,e7b44d2b385c5655,time_to_collision_within_bound,1.0,1.0,0.0
on_intersection,4d16677dccd05aa8,e7b44d2b385c5655,driving_direction_compliance,1.0,1.0,0.0
on_intersection,4d16677dccd05aa8,e7b44d2b385c5655,no_ego_at_fault_collisions,1.0,1.0,0.0
on_intersection,4d16677dccd05aa8,e7b44d2b385c5655,ego_is_making_progress,1.0,1.0,0.0
high_magnitude_speed,e0817ac359cc5a0f,ec9324c11a0454cd,ego_is_comfortable,1.0,1.0,0.0
high_magnitude_speed,e0817ac359cc5a0f,ec9324c11a0454cd,ego_progress_along_expert_route,1.0,1.0,0.0
high_magnitude_speed,e0817ac359cc5a0f,ec9324c11a0454cd,speed_limit_compliance,1.0,1.0,0.0
high_magnitude_speed,e0817ac359cc5a0f,ec9324c11a0454cd,time_to_collision_within_bound,1.0,1.0,0.0
high_magnitude_speed,e0817ac359cc5a0f,ec9324c11a0454cd,driving_direction_compliance,1.0,1.0,0.0
high_magnitude_speed,e0817ac359cc5a0f,ec9324c11a0454cd,no_ego_at_fault_collisions,1.0,1.0,0.0
high_magnitude_speed,e0817ac359cc5a0f,ec9324c11a0454cd,ego_is_making_progress,1.0,1.0,0.0
on_intersection,64df77a03f065c9a,54505270521a5c11,ego_is_comfortable,1.0,1.0,0.0
on_intersection,64df77a03f065c9a,54505270521a5c11,ego_progress_along_expert_route,0.7103912714333566,1.0,-0.28960872856664344
on_intersection,64df77a03f065c9a,54505270521a5c11,speed_limit_compliance,1.0,1.0,0.0
on_intersection,64df77a03f065c9a,54505270521a5c11,time_to_collision_within_bound,1.0,1.0,0.0
on_intersection,64df77a03f065c9a,54505270521a5c11,driving_direction_compliance,1.0,1.0,0.0
on_intersection,64df77a03f065c9a,54505270521a5c11,no_ego_at_fault_collisions,1.0,1.0,0.0
on_intersection,64df77a03f065c9a,54505270521a5c11,ego_is_making_progress,1.0,1.0,0.0
low_magnitude_speed,786992e6fb185d1b,f09252642b8a59d8,ego_is_comfortable,1.0,1.0,0.0
low_magnitude_speed,786992e6fb185d1b,f09252642b8a59d8,ego_progress_along_expert_route,0.7385786292332069,1.0,-0.26142137076679306
low_magnitude_speed,786992e6fb185d1b,f09252642b8a59d8,speed_limit_compliance,1.0,1.0,0.0
low_magnitude_speed,786992e6fb185d1b,f09252642b8a59d8,time_to_collision_within_bound,1.0,1.0,0.0
low_magnitude_speed,786992e6fb185d1b,f09252642b8a59d8,driving_direction_compliance,1.0,1.0,0.0
low_magnitude_speed,786992e6fb185d1b,f09252642b8a59d8,no_ego_at_fault_collisions,1.0,1.0,0.0
low_magnitude_speed,786992e6fb185d1b,f09252642b8a59d8,ego_is_making_progress,1.0,1.0,0.0
stationary,55f634b65d4253f6,00011d1ee7e65669,ego_is_comfortable,1.0,1.0,0.0
stationary,55f634b65d4253f6,00011d1ee7e65669,ego_progress_along_expert_route,1.0,1.0,0.0
stationary,55f634b65d4253f6,00011d1ee7e65669,speed_limit_compliance,1.0,1.0,0.0
stationary,55f634b65d4253f6,00011d1ee7e65669,time_to_collision_within_bound,1.0,1.0,0.0
stationary,55f634b65d4253f6,00011d1ee7e65669,driving_direction_compliance,1.0,1.0,0.0
stationary,55f634b65d4253f6,00011d1ee7e65669,no_ego_at_fault_collisions,1.0,1.0,0.0
stationary,55f634b65d4253f6,00011d1ee7e65669,ego_is_making_progress,1.0,1.0,0.0
low_magnitude_speed,cc1164c892c8521e,b4f41669086656ac,ego_is_comfortable,1.0,1.0,0.0
low_magnitude_speed,cc1164c892c8521e,b4f41669086656ac,ego_progress_along_expert_route,1.0,0.923942294914699,0.07605770508530096
low_magnitude_speed,cc1164c892c8521e,b4f41669086656ac,speed_limit_compliance,1.0,1.0,0.0
low_magnitude_speed,cc1164c892c8521e,b4f41669086656ac,time_to_collision_within_bound,1.0,1.0,0.0
low_magnitude_speed,cc1164c892c8521e,b4f41669086656ac,driving_direction_compliance,1.0,1.0,0.0
low_magnitude_speed,cc1164c892c8521e,b4f41669086656ac,no_ego_at_fault_collisions,1.0,1.0,0.0
low_magnitude_speed,cc1164c892c8521e,b4f41669086656ac,ego_is_making_progress,1.0,1.0,0.0
low_magnitude_speed,8bfa562341415abd,140f5d005e935577,ego_is_comfortable,1.0,1.0,0.0
low_magnitude_speed,8bfa562341415abd,140f5d005e935577,ego_progress_along_expert_route,0.3217908179929822,0.8970726786869386,-0.5752818606939565
low_magnitude_speed,8bfa562341415abd,140f5d005e935577,speed_limit_compliance,1.0,1.0,0.0
low_magnitude_speed,8bfa562341415abd,140f5d005e935577,time_to_collision_within_bound,1.0,1.0,0.0
low_magnitude_speed,8bfa562341415abd,140f5d005e935577,driving_direction_compliance,1.0,1.0,0.0
low_magnitude_speed,8bfa562341415abd,140f5d005e935577,no_ego_at_fault_collisions,1.0,1.0,0.0
low_magnitude_speed,8bfa562341415abd,140f5d005e935577,ego_is_making_progress,1.0,1.0,0.0
on_pickup_dropoff,04475933b4625ede,8244108531bb50b9,ego_is_comfortable,1.0,1.0,0.0
on_pickup_dropoff,04475933b4625ede,8244108531bb50b9,ego_progress_along_expert_route,1.0,1.0,0.0
on_pickup_dropoff,04475933b4625ede,8244108531bb50b9,speed_limit_compliance,1.0,1.0,0.0
on_pickup_dropoff,04475933b4625ede,8244108531bb50b9,time_to_collision_within_bound,1.0,1.0,0.0
on_pickup_dropoff,04475933b4625ede,8244108531bb50b9,driving_direction_compliance,1.0,1.0,0.0
on_pickup_dropoff,04475933b4625ede,8244108531bb50b9,no_ego_at_fault_collisions,1.0,1.0,0.0
on_pickup_dropoff,04475933b4625ede,8244108531bb50b9,ego_is_making_progress,1.0,1.0,0.0
on_stopline_stop_sign,afe2512625985226,205908c8f73756d9,ego_is_comfortable,1.0,1.0,0.0
on_stopline_stop_sign,afe2512625985226,205908c8f73756d9,ego_progress_along_expert_route,1.0,0.9775975291396847,0.022402470860315327
on_stopline_stop_sign,afe2512625985226,205908c8f73756d9,speed_limit_compliance,1.0,1.0,0.0
on_stopline_stop_sign,afe2512625985226,205908c8f73756d9,time_to_collision_within_bound,0.0,1.0,-1.0
on_stopline_stop_sign,afe2512625985226,205908c8f73756d9,driving_direction_compliance,1.0,1.0,0.0
on_stopline_stop_sign,afe2512625985226,205908c8f73756d9,no_ego_at_fault_collisions,1.0,1.0,0.0
on_stopline_stop_sign,afe2512625985226,205908c8f73756d9,ego_is_making_progress,1.0,1.0,0.0
on_pickup_dropoff,e023879e25fd5106,c2394cbb1c225b00,ego_is_comfortable,1.0,1.0,0.0
on_pickup_dropoff,e023879e25fd5106,c2394cbb1c225b00,ego_progress_along_expert_route,1.0,1.0,0.0
on_pickup_dropoff,e023879e25fd5106,c2394cbb1c225b00,speed_limit_compliance,0.949347280413243,0.9660337325081805,-0.016686452094937465
on_pickup_dropoff,e023879e25fd5106,c2394cbb1c225b00,time_to_collision_within_bound,1.0,0.0,1.0
on_pickup_dropoff,e023879e25fd5106,c2394cbb1c225b00,driving_direction_compliance,1.0,1.0,0.0
on_pickup_dropoff,e023879e25fd5106,c2394cbb1c225b00,no_ego_at_fault_collisions,1.0,0.0,1.0
on_pickup_dropoff,e023879e25fd5106,c2394cbb1c225b00,ego_is_making_progress,1.0,1.0,0.0
on_intersection,6204d9eff4de5f7a,1225d7b375475a9a,ego_is_comfortable,1.0,1.0,0.0
on_intersection,6204d9eff4de5f7a,1225d7b375475a9a,ego_progress_along_expert_route,0.8544705985386892,0.9866468598983121,-0.1321762613596229
on_intersection,6204d9eff4de5f7a,1225d7b375475a9a,speed_limit_compliance,1.0,1.0,0.0
on_intersection,6204d9eff4de5f7a,1225d7b375475a9a,time_to_collision_within_bound,1.0,1.0,0.0
on_intersection,6204d9eff4de5f7a,1225d7b375475a9a,driving_direction_compliance,1.0,1.0,0.0
on_intersection,6204d9eff4de5f7a,1225d7b375475a9a,no_ego_at_fault_collisions,1.0,1.0,0.0
on_intersection,6204d9eff4de5f7a,1225d7b375475a9a,ego_is_making_progress,1.0,1.0,0.0
